title,fanhao
 マル秘発掘プロジェクト 美巨乳Get！人気女優のハメ撮りSEX SPECIAL （BOD）,XVSR-737
 【FANZA限定】超接近して見つめられたら好きにならざるを得ない 夏巳ゆりか パンティと生写真付き,BAGR-026
 村瀬,ORECO-541
 この雌漢淫獣なり 伊織涼子,ALDN-252
 A＆Y,OREMO-084
 パンティ素股でカチカチち●ぽがアソコに擦れて赤面発情！クロッチは恥ずかし汁まみれ！そのまま生で擦り合わせて、生挿入生中出ししちゃった さくら＆あゆみ,ORECS-080
 まるまる！推川ゆうり,NATR-716
 【FANZA限定】容姿端麗、頭脳明晰、ものすごいギャップの超変態人妻専属第2弾！！初の本格寝取られドラマ！！ クレーム対応NTR取引先のセクハラ部長と妻の【閲覧注意】寝取られ話 清巳れの パンティと生写真付き,JUQ-477
 101センチJちゃん,VRNC-004
 上司の前で・・ 私の妻がヌードモデルになりました。8 弥生みづき （BOD）,NSFS-240
 KAMI,ANKS-007
 裏オプありのJ○リフレ イマドキ女子のバイト事情 まやちゃん,PRGO-261
 欲求不満の巨乳ドスケベ痴女お姉さんとハメまくり性交 01,BAZX-384
 若妻NO.1の可愛さ！ 東條なつ ベスト,NSFS-242
 ご都合主義ペット完全飼育デリバリー なつ りな みひな,REAL-839
 あなたごめんなさい…あなたよりお義父さんの方が感じるの…,NASH-990
 元友だちH＆K,OREMO-085
 責め経験ほぼゼロのうぶな女子たちが、底知れぬM心に触発されドS痴女性が開花！あすか ななみ,ORECS-084
 ノーブラ乳首ポッチで誘惑してくる欲求不満なご近所さん 01,PRGO-272
 ハンガリーで素人女性をナンパしまくりGETしたスレンダー金髪美女は寿司が大好きな起業家でお人好しだった！ 情にもろいハンガリー女性の優しさにつけ込み土下座をして頼み込み生中出しSEXしまくったwww ティファニー・テイタム,SITW-042
 （仮）暗黒086さん,ANKK-086
 裏オプありのJ○リフレ イマドキ女子のバイト事情 さおりちゃん,PRGO-262
 バレる？バレない？こっそりゴムを外して中出し出来るか？ゆか,PRGO-250
 【FANZA限定】隣の変態大家におっぱいを揉まれ毎日犯●れてます 優梨まいな チェキ付き,URKK-095
 K＆A,OREMO-083
 むにむにドスケベおっぱいで愛を込めて搾精！パイズリ感謝祭～ゆうりさんがガチファンに七変化パイズリで奉仕しまくり～ 推川ゆうり （BOD）,GVH-605
 Extreme（過激な）オナニスト！56 村上涼子 3 ～13オナニー152分,CEAD-548
 Monami2 My sweet MONAPAI・宝田もなみ パンティと写真付き,REBD-797
 元友だちY＆M,OREMO-086
 パンティ素股でカチカチち●ぽがアソコに擦れて赤面発情！クロッチは恥ずかし汁まみれ！そのまま生で擦り合わせて、生挿入生中出ししちゃった さくら＆じゅの,ORECS-081
 【元ギャル雑誌読モ】旦那とのセックスレスに我慢できず緊急参戦！気持ち良すぎて大量潮吹き！溢れんばかりの性欲と愛液に腰振りが止まらない！【初撮り】ネットでAV応募→AV体験撮影 2083,SIRO-5190
 即ハメOK！変態裏垢女子発掘！オフパコレポ 毛深い女子好き必見 何でもご奉仕してくれる剛毛オマ●コうららちゃん Vol.04,SABA-867
 【FANZA限定】淫猥不倫性交 水端あさみ パンティとチェキセット,XVSR-736
 Mei4 maybe wedding？・宮島めい チェキ付き,REBD-798
 美女の足裏をふやけるまで舐めたい！ 三田サクラ 足裏スタンプコピーとチェキ付き,NEO-807
 ガチ中出し5P大輪●！2穴好きのFカップ性欲お化けOLを巨根アナル破壊中出し輪● 素人コスプレイヤーあやか（27） 望月あやか,NOSKN-065
 還暦で初撮り 日下部らみ,NYKD-133
 巨乳コスプレイヤー個撮レコード 7 炎炎●消防隊編 夕美しおん,FYSD-007
 中出し下剋上！負けたら即ハメ♂♀ガチ野球拳大会！埼玉地区予選編！垢抜けないからこそ美肌なイモ系黒髪美少女たちマジックミラー号撮って出し！～そあら・まき・さえ編～,TOTTE-143
 美巨乳セラピストがフル勃起したお客の肉棒に喰らいつく様子を激撮。容赦ない手コキで射精をさせ、丁寧お掃除フェラで終わりと思いきやそのまま本番行為へと誘い込む。#担当:のぞみ,DDH-226
